{
  "dlpId": "24",
  "authenticity": 0.66667,
  "uniqueness": 1,
  "contribution": 0.23529411764705882,
  "ownership": 1,
  "score": 0.72549,
  "attributes": {
    "normalizedContributionScore": 0.23529411764705882,
    "totalContributionScore": 160
  }
}